score,test,statistic,p_raw,p_adj_BH
mean_on_buscar_score,Mann-Whitney U,3767.0,3.5840909309909846e-28,2.150454558594591e-27
mean_on_buscar_score,KS test,0.5900621118012422,2.4678854545488798e-26,7.40365636364664e-26
mean_on_buscar_score,Levene's test,4.272084775576748,0.03954731780948705,0.04745678137138446
mean_off_buscar_score,Mann-Whitney U,6426.0,5.180636781525037e-15,1.0361273563050074e-14
mean_off_buscar_score,KS test,0.39751552795031053,9.512652998849647e-12,1.426897949827447e-11
mean_off_buscar_score,Levene's test,2.1758980789101825,0.14117084991447187,0.14117084991447187
