score,test,statistic,p_raw,p_adj_BH
mean_on_buscar_score,Mann-Whitney U,1182.0,2.5503565466966763e-95,7.651069640090029e-95
mean_on_buscar_score,KS test,0.8874172185430463,4.3824245973441413e-125,2.629454758406485e-124
mean_on_buscar_score,Levene's test,89.35071270451232,7.258818192123086e-20,8.710581830547703e-20
mean_off_buscar_score,Mann-Whitney U,7711.0,7.140825582063038e-70,1.0711238373094558e-69
mean_off_buscar_score,KS test,0.7880794701986755,2.2253696024905377e-93,4.450739204981075e-93
mean_off_buscar_score,Levene's test,19.888039311006395,9.79811020420717e-6,9.79811020420717e-6
