score,test,statistic,p_raw,p_adj_BH
mean_on_buscar_score,Mann-Whitney U,3687.0,4.413137478577056e-85,8.826274957154112e-85
mean_on_buscar_score,KS test,0.804635761589404,4.3132404222001884e-98,2.587944253320113e-97
mean_on_buscar_score,Levene's test,353.9642917951641,1.8710665797106433e-62,2.806599869565965e-62
mean_off_buscar_score,Mann-Whitney U,11689.0,2.456917417166107e-56,2.9483009005993284e-56
mean_off_buscar_score,KS test,0.7847682119205298,1.848768592838293e-92,5.546305778514879e-92
mean_off_buscar_score,Levene's test,5.737739037251901,0.016908651507303273,0.016908651507303273
