score,test,statistic,p_raw,p_adj_BH
mean_on_buscar_score,Mann-Whitney U,1589.0,3.3400526109603686e-42,1.0020157832881106e-41
mean_on_buscar_score,KS test,0.8385093167701864,7.412032500383341e-58,4.4472195002300046e-57
mean_on_buscar_score,Levene's test,4.943600518960114,0.02688542776263405,0.02688542776263405
mean_off_buscar_score,Mann-Whitney U,3790.0,4.862921596333314e-28,7.294382394499971e-28
mean_off_buscar_score,KS test,0.6211180124223602,2.2710571059922193e-29,4.5421142119844386e-29
mean_off_buscar_score,Levene's test,8.388028348658091,0.004037044786574384,0.00484445374388926
