profile,mean_rho_real
OutOfFocus,0.07786053327323468
MetaphaseAlignment,0.09274043160256473
Metaphase,0.09403146460384448
Large,0.12399871763607961
Anaphase,0.12967028404672087
Apoptosis,0.17349028644419728
SmallIrregular,0.21906788127100585
Elongated,0.25745792441662524
Binuclear,0.27852777983776955
Folded,0.2791400568085051
Polylobed,0.31497798055084386
Grape,0.31885595939614564
Prometaphase,0.32525493390033083
Interphase,0.3354672335877018
Hole,0.3943683080439947
ADCCM,0.4048670457573934
